{"dimension": 768, "vectors": [[0.0481766052544117, 0.060367707163095474, -0.16364134848117828, -0.034232839941978455, 0.055008336901664734, 0.005254050251096487, 0.04537734016776085, 0.0029556015506386757, 0.007078290916979313, -0.03873685374855995, 0.02105339989066124, 0.022855108603835106, 0.05184965953230858, 0.04114741086959839, -0.05166349187493324, -0.042282331734895706, 0.05387016385793686, -0.056894343346357346, -0.029451612383127213, 0.008507279679179192, 0.023385636508464813, -0.055341701954603195, -0.03211260586977005, -0.0513806976377964, 0.0786052793264389, 0.037352364510297775, -0.03325792774558067, 0.0079111959785223, -0.03166213631629944, 0.0055015673860907555, 0.031144633889198303, -0.0002411343448329717, 0.08232475072145462, -0.07142682373523712, -0.07281946390867233, -0.07552947849035263, -0.007708510849624872, 0.041395559906959534, 0.014581993222236633, 0.014135701581835747, -0.027849581092596054, 0.008517739363014698, -0.01883324421942234, -0.05006274953484535, 0.06906970590353012, 0.004912734962999821, 0.024546822533011436, 0.04154402017593384, 0.0414251834154129, -0.06102367490530014, 0.005127942189574242, -0.04339809715747833, 0.01820298843085766, 0.013294797390699387, 0.07142619043588638, -0.003714463673532009, -0.07460419833660126, 0.06511925160884857, -0.00043019498116336763, -0.06384804844856262, 0.06987189501523972, 0.08264146745204926, -0.0733606219291687, 0.029789388179779053, 0.023191655054688454, -0.030974900349974632, 0.027466297149658203, -0.0015445217723026872, 0.01616436429321766, 0.024058017879724503, 0.04767490178346634, -0.03144421800971031, 0.03364313766360283, -0.012906027026474476, -0.03680967167019844, -0.04445773735642433, 0.0016861060867086053, -0.02202577516436577, -0.03406393900513649, 0.019878998398780823, 0.05191638693213463, -0.010878861881792545, 0.002959844656288624, 0.027319729328155518, 0.05346132814884186, -0.014075388200581074, -0.02740434557199478, -0.013471752405166626, -0.033817704766988754, 0.04871659725904465, 0.01289468165487051, 0.015336740761995316, -0.030333423987030983, 0.02670481987297535, -0.12264896184206009, -0.0160993542522192, -0.008288314566016197, 0.023448005318641663, 0.004896341357380152, 0.0005621719756163657, -0.01585807092487812, -0.007057047914713621, 0.0009398460388183594, -0.0023938522208482027, 0.014763363637030125, 0.04657402262091637, -0.006165856495499611, 0.03082071989774704, 0.002584110014140606, -0.0061798738315701485, -0.04628964141011238, 0.05137012526392937, -0.03252268582582474, -0.0006442552548833191, 0.0015172328567132354, 0.012043274007737637, 0.06044527888298035, -0.02382151409983635, -0.0197944026440382, 0.0005433791084215045, -0.001506378292106092, 0.008605209179222584, -0.027457281947135925, 0.040682025253772736, 0.030790118500590324, 0.00611333642154932, -0.05367593839764595, 0.010000325739383698, 0.0051137227565050125, -0.0008847912540659308, 0.011314542032778263, -0.00998641736805439, -0.06266672909259796, -0.06580177694559097, 0.014161933213472366, 0.07526830583810806, -0.0019071821589022875, -0.018153788521885872, -0.028961557894945145, -0.018546678125858307, -0.01773320510983467, 0.014208379201591015, -0.024246960878372192, 0.041500259190797806, 0.07833059132099152, -0.02673453278839588, 0.016806453466415405, 0.0014875452034175396, -0.0499991811811924, -0.008689680136740208, 0.009726419113576412, 0.009414246305823326, 0.04526371508836746, -0.008120271377265453, -0.000625516171567142, -0.049484144896268845, -0.021849090233445168, -0.013668778352439404, 0.05851469561457634, 0.03357767313718796, -0.0009895284892991185, -0.026715336367487907, -0.02940569818019867, 0.01769750565290451, -0.012639674358069897, -0.04152948409318924, -0.023923862725496292, 0.05904969945549965, 0.06119605153799057, -0.020258828997612, -0.052535925060510635, -0.04801381379365921, 0.029642006382346153, 0.013063181191682816, 0.0030246113892644644, -0.00891705323010683, 0.06530342251062393, -0.026202131062746048, 0.024182362481951714, -0.037727054208517075, -0.003599378280341625, -0.02146800048649311, 0.021087652072310448, 0.060319770127534866, -0.01641015335917473, -0.02927429787814617, 0.07909636199474335, -0.05732065066695213, -0.03466147184371948, -0.006152492482215166, 0.006124509032815695, -0.01954060234129429, -0.05012032017111778, -0.059158120304346085, -0.04414096102118492, -0.08178872615098953, 0.01828894577920437, 0.011561384424567223, 0.05569621920585632, -0.0495833158493042, 0.011668323539197445, 0.005672764964401722, -0.06629203259944916, 0.03457191586494446, 0.016324372962117195, 0.038564734160900116, -0.0760081335902214, -0.002516307635232806, -0.044847406446933746, -0.008296620100736618, 0.08091024309396744, -0.03239963576197624, 0.013107698410749435, 0.03697418421506882, 0.024457767605781555, -0.0014191590016707778, -5.4572560657106806e-06, -0.04916290193796158, -0.019389059394598007, 0.015813985839486122, 0.05228891968727112, -0.023617016151547432, 0.007433414924889803, 0.009890305809676647, 0.04744881018996239, 0.004862183704972267, -0.09333228319883347, 0.01949961669743061, -0.017954913899302483, -0.001825680141337216, -0.020074333995580673, -0.05327842757105827, 0.05433152616024017, -0.003937045577913523, -0.018023254349827766, 0.01974334567785263, -0.023761458694934845, 0.018442802131175995, 0.056278493255376816, 0.01972172223031521, -0.020888913422822952, 0.05752970278263092, -0.006275835447013378, 0.00014049241144675761, -0.037707991898059845, -0.033342693001031876, -0.009705753065645695, -0.03468314930796623, -0.014576569199562073, 0.040640030056238174, -0.027629515156149864, 0.01857408694922924, 0.019364967942237854, 0.029156971722841263, 0.011709524318575859, 0.013674755580723286, 0.004366076551377773, -0.030473414808511734, 0.005100801587104797, -0.007716045714914799, 0.009196504019200802, -0.04848095774650574, 0.04356696456670761, -0.012330865487456322, -0.012267853133380413, -0.02742958441376686, -0.023519644513726234, -0.00828536693006754, 0.01360635831952095, -0.017521023750305176, 0.03109298087656498, 0.054390277713537216, 0.029540449380874634, 0.03466026112437248, 0.05286731198430061, -0.050739116966724396, 0.023866070434451103, -0.0009553113486617804, -0.005919300485402346, 0.005575456656515598, -0.024543801322579384, -0.034689899533987045, -0.0015046584885567427, 0.004810332786291838, 0.021271122619509697, 0.016393447294831276, 0.01649516075849533, -0.024675952270627022, 0.02240518108010292, 0.02229343354701996, 0.055474866181612015, -0.02897241897881031, -0.006698673125356436, -0.018906952813267708, -0.03487982973456383, 0.01095124613493681, 0.03272227942943573, -0.05513498932123184, -0.038601912558078766, -0.030698508024215698, -0.0025044328067451715, 0.026580583304166794, 0.054442279040813446, 0.03421071916818619, 0.013552583754062653, 0.006582160945981741, 0.02696278877556324, -0.02067442052066326, 0.022699609398841858, 0.0009585776715539396, -0.06287619471549988, 0.025931578129529953, -0.029214216396212578, -0.01609056070446968, -0.05909772217273712, 0.05045695975422859, 0.013965855352580547, 0.05531129240989685, 0.0580347441136837, -0.041358862072229385, -0.0273890420794487, -0.045231666415929794, 0.01251904759556055, -0.013228453695774078, 0.006286531686782837, 0.025481926277279854, 0.04331900179386139, 0.03140997886657715, -0.05911099165678024, -0.011985148303210735, 0.05356903001666069, 0.031231369823217392, -0.006041679996997118, -0.023719267919659615, 0.01828722283244133, -0.02043977938592434, -0.024974696338176727, 0.014361080713570118, -0.0015744805568829179, 0.013988036662340164, 0.0724034532904625, -0.028067918494343758, 0.033264290541410446, -0.03128306567668915, -0.034282002598047256, -0.05205101892352104, 0.02678624540567398, -0.016398625448346138, 0.020920682698488235, 0.04052896797657013, -0.016460126265883446, 0.031565167009830475, -0.06726198643445969, -0.035935480147600174, 0.024344105273485184, -0.011705643497407436, -0.012807534076273441, 0.062200091779232025, -0.020157404243946075, 0.02383221872150898, 